{"input_scaling": 0.4370861069626263, "feedback_scaling": 0.4753571532049581, "v_bias": 0.592797576724562, "leakage": 0.30334265725654797, "n_virtual": 40}